Group,Alpha,Lambda,Fairness,Predictor,Decision Regret mean,Decision Regret std,Training Loss mean,Training Loss std,Prediction Fairness mean,Prediction Fairness std,G0 MSE mean,G0 MSE std,G0 Objective mean,G0 Objective std,G0 True Benefit mean,G0 True Benefit std,G1 MSE mean,G1 MSE std,G1 Objective mean,G1 Objective std,G1 True Benefit mean,G1 True Benefit std,Method,Grad Method,Prediction MSE mean,Prediction MSE std,Training Time mean,Training Time std
False,0.5,0.0,atkinson,LR,0.1324196526462563,0.0078676691182426,2018.032217345457,107.94786407361538,0.6328156833064983,0.0031974429968792,330.6048920549407,20.81357931050808,11252.967794276772,17.520752103445982,12.213636814265035,0.2902737339335108,501.3352126538475,15.622144363576794,1974.3404450262187,217.6151744547534,16.5811337273683,0.5128104841759318,FoldOpt,,,,5.294594605763753,0.0722317365373883
False,0.5,1.0,atkinson,LR,0.1324249818510986,0.0078636851586783,2018.745849297626,107.87487869294364,0.6328031924329253,0.0032088147307794,330.44270172620526,21.011434875364063,11252.882671054753,17.39178287339628,12.213636814265035,0.2902737339335108,501.01361252087287,15.911477541324622,1974.4485680632397,217.64018125004543,16.5811337273683,0.5128104841759318,FoldOpt,,,,5.449229637781779,0.0155326297226085
False,0.5,5.0,atkinson,LR,0.1324416770012072,0.0078511990984723,2021.530557912116,107.65102627122964,0.6328122404312547,0.0031946250769729,330.4630071175532,21.003398266073667,11252.609445103591,17.05010980515644,12.213636814265035,0.2902737339335108,501.0534520412739,15.888502823346222,1974.441301878686,217.61692867142915,16.5811337273683,0.5128104841759318,FoldOpt,,,,5.372711817423503,0.0449396499075898
False,2.0,0.0,atkinson,LR,0.1549739409588249,0.003922212961903,93.2089591074054,1.012281362743529,0.6276484474393207,0.0037565112355966,305.3265040012822,12.49572703102024,-630.9799756679078,9.618140927714093,12.213636814265035,0.2902737339335108,455.5873983094543,6.93356122318236,-63.35144653897181,1.8223708112094503,16.5811337273683,0.5128104841759318,FoldOpt,,,,5.681917508443196,0.0577059922434391
False,2.0,1.0,atkinson,LR,0.154975333680699,0.0039229301017695,93.83743506608788,1.0104771254444431,0.6276418048358413,0.0037595862771533,305.328763759944,12.495069278730147,-630.9811259019311,9.618797731436734,12.213636814265035,0.2902737339335108,455.59051766915655,6.941961640142811,-63.351137739777336,1.822626928188436,16.5811337273683,0.5128104841759318,FoldOpt,,,,5.420185724894206,0.1031255872665336
False,2.0,5.0,atkinson,LR,0.1549561048596424,0.0039269330248262,96.33620190018075,0.998408539428696,0.6276111156302048,0.0037562315670011,305.3450919557412,12.487322480373798,-630.9762564476504,9.610752809222012,12.213636814265035,0.2902737339335108,455.61445971694025,6.96339568274016,-63.34375010437461,1.8247091026171949,16.5811337273683,0.5128104841759318,FoldOpt,,,,5.590304056803386,0.0601440786167297
False,0.5,0.0,mad,LR,0.1324196526462563,0.0078676691182426,2018.032217345457,107.94786407361538,483.2484601710016,25.66827290603321,330.6048920549407,20.81357931050808,11252.967794276772,17.520752103445982,12.213636814265035,0.2902737339335108,501.3352126538475,15.622144363576794,1974.3404450262187,217.6151744547534,16.5811337273683,0.5128104841759318,FoldOpt,,,,5.449785788853963,0.0368127166429762
False,0.5,0.05,mad,LR,0.1322823226364243,0.0079669497551043,2040.1213372742927,110.89227950218697,483.4955672031592,25.309605586388837,330.66137602751445,20.711291014220528,11254.523011013474,19.356431852505928,12.213636814265035,0.2902737339335108,501.4468945152676,15.499193300697597,1974.467777383379,217.6248733267416,16.5811337273683,0.5128104841759318,FoldOpt,,,,5.459271192550659,0.0241153544319138
False,0.5,0.5,mad,LR,0.1322482958840973,0.0079468820829138,2256.838589198665,121.02230139963925,482.8425338418173,26.077069075330137,330.34961548870336,21.073405007981187,11256.016377572634,19.29385186456692,12.213636814265035,0.2902737339335108,500.92167884085296,15.942133436324896,1974.1039341301412,217.2881238470477,16.5811337273683,0.5128104841759318,FoldOpt,,,,5.337510108947754,0.0689780084655364
False,2.0,0.0,mad,LR,0.1549739409588249,0.003922212961903,93.2089591074054,1.012281362743529,446.0058469552786,13.444112787465963,305.3265040012822,12.49572703102024,-630.9799756679078,9.618140927714093,12.213636814265035,0.2902737339335108,455.5873983094543,6.93356122318236,-63.35144653897181,1.8223708112094503,16.5811337273683,0.5128104841759318,FoldOpt,,,,5.528410275777181,0.1098820077213066
False,2.0,0.05,mad,LR,0.1556736527268111,0.0044273799093888,115.64436538190688,1.945789549960363,440.37393035482745,12.741201132947232,301.2963439728778,11.855170245120291,-631.0307725274421,9.40857616285968,12.213636814265035,0.2902737339335108,447.3411721614821,6.830078108096386,-63.70876488976776,1.856188336570416,16.5811337273683,0.5128104841759318,FoldOpt,,,,5.589488665262858,0.0792925068916957
False,2.0,0.5,mad,LR,0.1776078960593548,0.0037741874694939,306.5727234451445,6.473799752685143,399.4643955414235,11.513776137280727,271.8336315262671,10.478760788997455,-640.4085092825818,11.153856169731084,12.213636814265035,0.2902737339335108,384.779205292227,14.51947103135164,-67.89347615691574,1.9141424577991324,16.5811337273683,0.5128104841759318,FoldOpt,,,,5.535433848698934,0.0866095613087749
True,0.5,0.0,atkinson,LR,0.1278187284866968,0.0006025328500335,1893.4322916666667,25.68500575784976,0.0056712181540361,0.0013534110300174,342.95968956872275,15.825189234428649,9767.343712190424,30.65387340793468,12.213636814265035,0.2902737339335108,525.5614870647473,10.808214810888188,3152.301397595372,146.90396598029372,16.5811337273683,0.5128104841759318,FoldOpt,,,,5.464063962300618,0.0222909509759153
True,0.5,1.0,atkinson,LR,0.1278187284866968,0.0006025328500335,1893.4379628848208,25.684477915761725,0.0056712181540361,0.0013534110300174,342.95968956872275,15.825189234428649,9767.343712190424,30.65387340793468,12.213636814265035,0.2902737339335108,525.5614870647473,10.808214810888188,3152.301397595372,146.90396598029372,16.5811337273683,0.5128104841759318,FoldOpt,,,,5.317315260569255,0.0959152384963877
True,0.5,5.0,atkinson,LR,0.1278187284866968,0.0006025328500335,1893.4606477574368,25.68236715214543,0.0056712181540361,0.0013534110300174,342.95968956872275,15.825189234428649,9767.343712190424,30.65387340793468,12.213636814265035,0.2902737339335108,525.5614870647473,10.808214810888188,3152.301397595372,146.90396598029372,16.5811337273683,0.5128104841759318,FoldOpt,,,,5.497127374013265,0.0704920298157701
True,2.0,0.0,atkinson,LR,0.1116500024994214,0.0119218447602467,0.0020722722013791,0.0002447634351329,0.005455461516104,0.0015023167952476,342.2778575635723,15.495607066391974,-676.3911452242824,10.571533902980828,12.213636814265035,0.2902737339335108,519.9225046196339,13.998242705962756,-66.7467644574689,1.5103927946553417,16.5811337273683,0.5128104841759318,FoldOpt,,,,5.378902355829875,0.1073507547699773
True,2.0,1.0,atkinson,LR,0.1145027726888656,0.01157585579564,0.006764737318041,0.0010471531083692,0.004639852220895,0.0012824910276438,340.9104198762589,19.56476761017001,-675.3528628716552,4.127054305989557,12.213636814265035,0.2902737339335108,500.9354146046919,26.216976734203424,-67.02501584824438,1.4823045626108278,16.5811337273683,0.5128104841759318,FoldOpt,,,,5.339890162150065,0.0169119718854892
True,2.0,5.0,atkinson,LR,0.1145021617412567,0.0115766624660286,0.0253239837369643,0.0061769172809896,0.0046398219631378,0.0012824957633353,340.9101798260031,19.564933821544525,-675.3529528284454,4.12707083774523,12.213636814265035,0.2902737339335108,500.9343916847072,26.217970212230224,-67.02494789289041,1.4823369565146454,16.5811337273683,0.5128104841759318,FoldOpt,,,,5.409643093744914,0.0664846461592368
True,0.5,0.0,mad,LR,0.1278187284866968,0.0006025328500335,1893.4322916666667,25.68500575784976,91.30547943513696,8.158155586529976,342.95968956872275,15.825189234428649,9767.343712190424,30.65387340793468,12.213636814265035,0.2902737339335108,525.5614870647473,10.808214810888188,3152.301397595372,146.90396598029372,16.5811337273683,0.5128104841759318,FoldOpt,,,,5.439210096995036,0.0612524973966191
True,0.5,0.05,mad,LR,0.1278187284866968,0.0006025328500335,1897.9975656384236,25.564700723284496,91.30547943513696,8.158155586529976,342.95968956872275,15.825189234428649,9767.343712190424,30.65387340793468,12.213636814265035,0.2902737339335108,525.5614870647473,10.808214810888188,3152.301397595372,146.90396598029372,16.5811337273683,0.5128104841759318,FoldOpt,,,,5.396902402242024,0.0515402305774045
True,0.5,0.5,mad,LR,0.1278187284866968,0.0006025328500335,1939.085031384235,24.75961493568156,91.30547943513696,8.158155586529976,342.95968956872275,15.825189234428649,9767.343712190424,30.65387340793468,12.213636814265035,0.2902737339335108,525.5614870647473,10.808214810888188,3152.301397595372,146.90396598029372,16.5811337273683,0.5128104841759318,FoldOpt,,,,5.329958279927571,0.0408475895024093
True,2.0,0.0,mad,LR,0.1116500024994214,0.0119218447602467,0.0020722722013791,0.0002447634351329,88.92187587943624,9.979290654725707,342.2778575635723,15.495607066391974,-676.3911452242824,10.571533902980828,12.213636814265035,0.2902737339335108,519.9225046196339,13.998242705962756,-66.7467644574689,1.5103927946553417,16.5811337273683,0.5128104841759318,FoldOpt,,,,5.42964768409729,0.0473689422583988
True,2.0,0.05,mad,LR,0.1128954763213793,0.0114828287901815,3.8581860487595594,0.5571854134778632,77.121825466425,11.148097868556976,334.84805834079714,18.296673660566142,-668.4685918801523,6.113193901443021,12.213636814265035,0.2902737339335108,487.3788500088851,25.271554348776395,-66.96429676352956,1.568557801215855,16.5811337273683,0.5128104841759318,FoldOpt,,,,5.452241659164429,0.0273824148450429
True,2.0,0.5,mad,LR,0.1128955086072285,0.0114828588028631,38.56300690384207,5.573829416432904,77.12182425556576,11.148097803296167,334.84805640972786,18.296673439545444,-668.4685973827463,6.113192618453999,12.213636814265035,0.2902737339335108,487.3788461772715,25.27155352398594,-66.96429743874234,1.5685582210895914,16.5811337273683,0.5128104841759318,FoldOpt,,,,5.517981052398682,0.0437667937563271
False,0.5,0.0,atkinson,NN,0.1247361874968038,0.0046394622868536,1902.168255772147,85.79178222033866,0.6342617322346785,0.0033358361934862,316.7740124892998,11.605954028443396,11340.156842403036,83.02211750782197,12.213636814265035,0.2902737339335108,474.1952112352098,19.587144256653303,2023.2203716778224,128.7850274396932,16.5811337273683,0.5128104841759318,FoldOpt,,,,5.172601064046224,0.0297761059116196
False,0.5,1.0,atkinson,NN,0.1247361191620708,0.0046393946985192,1902.8014605215883,85.78886993734557,0.6342619477823775,0.0033355415444935,316.73749831383685,11.604443932568511,11340.661960075706,83.57601673067704,12.213636814265035,0.2902737339335108,474.1546036250932,19.63731319001148,2023.127260623585,128.54573587445572,16.5811337273683,0.5128104841759318,FoldOpt,,,,5.359767516454061,0.0599660355928423
False,0.5,5.0,atkinson,NN,0.1247800708650046,0.0046786140638713,1906.017839488821,86.49101481366293,0.6342713901443918,0.0033227487953233,316.7976940349059,11.699635365790442,11340.623893046648,83.43016167440386,12.213636814265035,0.2902737339335108,474.2643367718268,19.742053710003617,2022.717517845056,128.05692658359106,16.5811337273683,0.5128104841759318,FoldOpt,,,,5.2999327182769775,0.1000436795222535
False,2.0,0.0,atkinson,NN,0.032937251627674,0.0029393945811124,19.792348615093413,1.490109985267641,0.6099380688223061,0.0049199303964732,188.4011575942882,16.855824013041875,-560.445726390178,8.833749460783073,12.213636814265035,0.2902737339335108,294.4518060658074,8.771525922050348,-59.22312764497169,1.6796454621737846,16.5811337273683,0.5128104841759318,FoldOpt,,,,5.400773684183757,0.0236042740545264
False,2.0,1.0,atkinson,NN,0.0329376629900762,0.0029879390446596,20.402016597349345,1.521193937116919,0.609723231679717,0.0048852537380716,188.40136609205084,16.815655333084095,-560.4821092061928,8.815258709571397,12.213636814265035,0.2902737339335108,294.3759068405209,8.634151038590103,-59.223011679259855,1.6753561905399377,16.5811337273683,0.5128104841759318,FoldOpt,,,,5.558294296264648,0.079175804679021
False,2.0,5.0,atkinson,NN,0.0330560900989109,0.0029733704005813,22.90813162882609,1.5108570624215591,0.6089041865966752,0.0048541181063931,187.97919203488027,16.951276212087574,-560.5381090625491,8.825314075311605,12.213636814265035,0.2902737339335108,293.37300997125226,9.104597177582257,-59.21559606005093,1.6522678759332527,16.5811337273683,0.5128104841759318,FoldOpt,,,,5.629321257273356,0.1145389286753076
False,0.5,0.0,mad,NN,0.1247361874968038,0.0046394622868536,1902.168255772147,85.79178222033866,464.97784871742914,12.95151712785135,316.7740124892998,11.605954028443396,11340.156842403036,83.02211750782197,12.213636814265035,0.2902737339335108,474.1952112352098,19.587144256653303,2023.2203716778224,128.7850274396932,16.5811337273683,0.5128104841759318,FoldOpt,,,,5.617863098780314,0.0283415010755363
False,0.5,0.05,mad,NN,0.124735688531952,0.0046373341567461,1925.409277876252,86.22134433585846,464.9798232904387,12.954767390480534,316.7128525689915,11.57804452279809,11340.76701194999,83.32752984083044,12.213636814265035,0.2902737339335108,474.1168863309152,19.622580584046432,2023.1414989230527,128.560345688011,16.5811337273683,0.5128104841759318,FoldOpt,,,,5.408011198043823,0.0806624715605939
False,0.5,0.5,mad,NN,0.1247355448363875,0.0046372033815357,2134.647199252191,90.49979267403334,464.97827399633314,12.952522777784855,316.7517498252494,11.645491773519993,11340.45096604625,83.60705679793259,12.213636814265035,0.2902737339335108,474.1718722926378,19.64585008809311,2023.080224929224,128.6637016622601,16.5811337273683,0.5128104841759318,FoldOpt,,,,5.389103253682454,0.0594984025682126
False,2.0,0.0,mad,NN,0.032937251627674,0.0029393945811124,19.792348615093413,1.490109985267641,266.6893016761166,21.43440336540237,188.4011575942882,16.855824013041875,-560.445726390178,8.833749460783073,12.213636814265035,0.2902737339335108,294.4518060658074,8.771525922050348,-59.22312764497169,1.6796454621737846,16.5811337273683,0.5128104841759318,FoldOpt,,,,5.715938886006673,0.039456937076394
False,2.0,0.05,mad,NN,0.0306310815654216,0.0024389562444103,28.94025295519569,2.299541869758468,210.61582005894917,21.8302190971246,152.657126094007,16.19270191295936,-558.124302379576,9.111384790672949,12.213636814265035,0.2902737339335108,232.50068805373863,10.19149865327355,-59.78562199162951,1.6896769272806813,16.5811337273683,0.5128104841759318,FoldOpt,,,,5.562446753184001,0.019092919829994
False,2.0,0.5,mad,NN,0.0437547289236069,0.0035412237183784,68.2372309415954,11.588539119554888,83.87503197495136,19.682336870255224,67.90354054057612,15.16524787525411,-564.0703668863628,8.999586676116111,12.213636814265035,0.2902737339335108,102.33884573573414,15.39679376652674,-60.84882999818916,1.5721563339324471,16.5811337273683,0.5128104841759318,FoldOpt,,,,5.462837139765422,0.0452706106181571
True,0.5,0.0,atkinson,NN,0.1324874808390935,0.0039419624145444,1963.1429036458333,78.61439684578731,0.0057414096589306,0.0013483120294015,342.54716814509766,15.787939930905054,9748.69307745819,70.58414369870583,12.213636814265035,0.2902737339335108,526.063319369929,12.571921492431787,3116.325988022624,136.9584208710843,16.5811337273683,0.5128104841759318,FoldOpt,,,,5.528810739517212,0.0301458485490724
True,0.5,1.0,atkinson,NN,0.1324874808390935,0.0039419624145444,1963.1486450554924,78.61470826572953,0.0057414096589306,0.0013483120294015,342.54716814509766,15.787939930905054,9748.69307745819,70.58414369870583,12.213636814265035,0.2902737339335108,526.063319369929,12.571921492431787,3116.325988022624,136.9584208710843,16.5811337273683,0.5128104841759318,FoldOpt,,,,5.487784226735433,0.0605430134461437
True,0.5,5.0,atkinson,NN,0.1324874808390935,0.0039419624145444,1963.171610694128,78.61595416440603,0.0057414096589306,0.0013483120294015,342.54716814509766,15.787939930905054,9748.69307745819,70.58414369870583,12.213636814265035,0.2902737339335108,526.063319369929,12.571921492431787,3116.325988022624,136.9584208710843,16.5811337273683,0.5128104841759318,FoldOpt,,,,5.5473313331604,0.0586467841745863
True,2.0,0.0,atkinson,NN,0.1194663420319557,0.0068225937378919,0.0022136848419904,0.0001045280412686,0.0056975556325611,0.0013219846501297,345.42845219170454,19.584460745148917,-687.4843027880856,4.7182523976688575,12.213636814265035,0.2902737339335108,531.2763329346026,10.852633294018055,-66.79418591243764,2.063858751655393,16.5811337273683,0.5128104841759318,FoldOpt,,,,5.546898603439331,0.0695917626051192
True,2.0,1.0,atkinson,NN,0.1318265572190284,0.0087654519418197,0.0060193759402007,0.0006162787515447,0.003575795051989,0.0007709931335172,333.8762932146015,20.802980421455413,-666.3438962237454,12.369928637002682,12.213636814265035,0.2902737339335108,459.9973241888354,14.2819172482903,-69.19311697535566,2.2131093554314667,16.5811337273683,0.5128104841759318,FoldOpt,,,,5.613500038782756,0.0208495070002354
True,2.0,5.0,atkinson,NN,0.1320447847247123,0.0084596566292238,0.0203200392845885,0.003702815299954,0.0035744850297494,0.0007703776214253,333.87644935086774,20.82850566124295,-666.3514284371937,12.360086915972156,12.213636814265035,0.2902737339335108,459.95676788214,14.328549033507628,-69.21418981108688,2.205036693437636,16.5811337273683,0.5128104841759318,FoldOpt,,,,5.626816272735596,0.0471696823932381
True,0.5,0.0,mad,NN,0.1324874808390935,0.0039419624145444,1963.1429036458333,78.61439684578731,91.84737506789156,8.190338571816511,342.54716814509766,15.787939930905054,9748.69307745819,70.58414369870583,12.213636814265035,0.2902737339335108,526.063319369929,12.571921492431787,3116.325988022624,136.9584208710843,16.5811337273683,0.5128104841759318,FoldOpt,,,,5.557689507802327,0.0307334719960454
True,0.5,0.05,mad,NN,0.1324874808390935,0.0039419624145444,1967.735272399228,78.73663012840238,91.84737506789156,8.190338571816511,342.54716814509766,15.787939930905054,9748.69307745819,70.58414369870583,12.213636814265035,0.2902737339335108,526.063319369929,12.571921492431787,3116.325988022624,136.9584208710843,16.5811337273683,0.5128104841759318,FoldOpt,,,,5.558798710505168,0.0119737154383569
True,0.5,0.5,mad,NN,0.1324874808390935,0.0039419624145444,2009.066591179779,79.92278828505823,91.84737506789156,8.190338571816511,342.54716814509766,15.787939930905054,9748.69307745819,70.58414369870583,12.213636814265035,0.2902737339335108,526.063319369929,12.571921492431787,3116.325988022624,136.9584208710843,16.5811337273683,0.5128104841759318,FoldOpt,,,,5.497635920842488,0.0546928235695838
True,2.0,0.0,mad,NN,0.1194663420319557,0.0068225937378919,0.0022136848419904,0.0001045280412686,92.0643873863602,6.958481712678439,345.42845219170454,19.584460745148917,-687.4843027880856,4.7182523976688575,12.213636814265035,0.2902737339335108,531.2763329346026,10.852633294018055,-66.79418591243764,2.063858751655393,16.5811337273683,0.5128104841759318,FoldOpt,,,,5.554298003514608,0.0589847774437262
True,2.0,0.05,mad,NN,0.1346714074412981,0.013758674693188,2.9458926055486927,0.6045079467789343,58.8678688107052,12.095571588446472,317.0323584126676,21.25008932953989,-655.4602453130173,7.418829760431923,12.213636814265035,0.2902737339335108,419.9289220397034,30.608688959807687,-69.80741406564454,1.6375019737478256,16.5811337273683,0.5128104841759318,FoldOpt,,,,5.458070357640584,0.0387747363301732
True,2.0,0.5,mad,NN,0.1346715266505877,0.0137588007349312,29.436388660349348,6.047520024332631,58.86777898632565,12.095581324683168,317.01225094478013,21.27879141502062,-655.4466314211674,7.392735650305365,12.213636814265035,0.2902737339335108,419.8956781556655,30.673678498645124,-69.80511474740909,1.637722868425575,16.5811337273683,0.5128104841759318,FoldOpt,,,,5.545055468877156,0.0406721297295133
True,0.5,0.0,atkinson,LR,0.0234498415357386,0.0003336970389532,,,0.0031308531761169,2.974271774291992e-05,251.15230560302732,2.0770034790039062,11.38847,0.035995483,0.637093186378479,6.67572021484375e-06,347.69297790527344,3.3829803466796875,59.766903,0.13583374,0.5402880012989044,0.0020181238651275,closed-form,closed-form,262.65997314453125,2.232666015625,9.518339395523071,0.1626217365264892
True,0.5,1.0,atkinson,LR,0.028720379455414,0.0004937729161312,,,0.0024588406085968,0.0001439750194549,249.1873550415039,1.0986862182617188,11.169711,0.046488762,0.6380179524421692,0.0011245608329772,332.99468994140625,1.22247314453125,58.745903,0.06280899,0.5380887985229492,0.001520037651062,closed-form,closed-form,259.1772155761719,0.822021484375,9.647016286849976,0.0412020683288574
True,0.5,5.0,atkinson,LR,0.0546447154856711,0.0106873804224117,,,0.0016668438911437,2.574920654296875e-05,272.95848083496094,6.679000854492188,9.6192045,0.37214375,0.6467769145965576,0.0016166567802429,347.30772399902344,7.880050659179687,54.129555,1.86903,0.550847977399826,0.0035808384418487,closed-form,closed-form,281.8208923339844,6.8221435546875,6.292198419570923,2.78476357460022
True,2.0,0.0,atkinson,LR,0.0736951304005378,0.0015702759232601,,,0.0053543150424957,2.8580427169799805e-05,225.5353164672852,1.4550552368164062,6.365851,0.02406025,0.6298540234565735,1.6987323760986328e-05,342.7221069335937,2.566497802734375,8.251209,0.052470207,0.533652663230896,0.0001811981201171,closed-form,closed-form,239.50399017333984,1.5875625610351562,9.58738660812378,0.0124270915985107
True,2.0,1.0,atkinson,LR,0.0737170854139062,0.0015541232412567,,,0.005349189043045,3.4421682357788086e-05,225.53853607177732,1.4179306030273438,6.365596,0.02377224,0.6298181712627411,2.2739171981811523e-05,342.6640014648437,2.5845947265625,8.250202,0.053271294,0.5335633456707001,0.0002284348011016,closed-form,closed-form,239.49988555908203,1.5569839477539062,9.910666108131409,0.0273364782333374
True,2.0,5.0,atkinson,LR,0.0737157575719278,0.0015752440193322,,,0.0053518116474151,3.364682197570801e-05,225.4644927978516,1.4110565185546875,6.3656282,0.023554325,0.6298533380031586,9.626150131225586e-06,342.5832977294922,2.5639190673828125,8.249775,0.053777695,0.533702552318573,0.0002233386039733,closed-form,closed-form,239.42504119873047,1.5484848022460938,9.747487783432009,0.10040283203125
True,0.5,0.0,mad,LR,0.0234498415357386,0.0003336970389532,,,48.27033615112305,0.6529884338378906,251.15230560302732,2.0770034790039062,11.38847,0.035995483,348.6539001464844,2.817657470703125,347.69297790527344,3.3829803466796875,59.766903,0.13583374,431.1827239990234,3.0576324462890625,closed-form,closed-form,262.65997314453125,2.232666015625,8.99666178226471,0.0408123731613159
True,0.5,0.05,mad,LR,0.0914746001822605,0.0005711611252961,,,37.66962814331055,0.5498542785644531,244.99503326416016,0.7719345092773438,9.71295,0.120624065,345.4842529296875,1.04962158203125,320.33428955078125,1.87164306640625,49.425747,0.6324959,405.4515228271485,1.8856353759765625,closed-form,closed-form,253.97547149658203,0.9030227661132812,3.134452104568481,0.009448766708374
True,0.5,0.5,mad,LR,0.0916361953603942,0.0005378951700713,,,37.79316711425781,0.6163406372070312,244.84083557128903,0.695404052734375,9.705323,0.12452221,345.2198181152344,0.9425048828125,320.4271697998047,1.9280853271484373,49.375336,0.64684486,405.45692443847656,1.9458465576171875,closed-form,closed-form,253.85073852539065,0.8423614501953125,3.088679790496826,0.2231180667877197
True,2.0,0.0,mad,LR,0.0736951304005378,0.0015702759232601,,,58.5933952331543,0.5557212829589844,225.5353164672852,1.4550552368164062,6.365851,0.02406025,313.2828826904297,1.9465179443359373,342.7221069335937,2.566497802734375,8.251209,0.052470207,422.1991882324219,2.667327880859375,closed-form,closed-form,239.50399017333984,1.5875625610351562,9.034005284309387,0.1631845235824585
True,2.0,0.05,mad,LR,0.0747278531740522,0.0012973060472523,,,53.07427215576172,0.2425460815429687,223.7468414306641,1.1607208251953125,6.379302,0.024590254,310.96983337402344,1.5250701904296875,329.8953857421875,0.675628662109375,8.206194,0.071721554,405.9680938720703,0.1644439697265625,closed-form,closed-form,236.39976501464844,1.1028900146484375,8.934022903442383,0.185279369354248
True,2.0,0.5,mad,LR,0.1003517123123288,0.0024699523290174,,,35.61518096923828,0.4844970703125,213.53955078125,0.2977142333984375,6.5427303,0.03873658,297.5697937011719,0.452972412109375,284.76991271972656,0.6712799072265625,8.014479,0.013562679,354.0438842773437,1.370330810546875,closed-form,closed-form,222.03021240234372,0.1822052001953125,9.025533556938171,0.0320535898208618
True,0.5,0.0,atkinson,LR,0.044409560427029,1.0417035148736764e-05,,,0.0036543607711791,3.260374069213867e-05,304.11317443847656,0.7664031982421875,8.751169,0.024418354,0.646286278963089,0.0007560551166534,431.49974060058594,1.7238311767578125,50.28703,1.1135826,0.5442591607570648,0.0017211139202117,finite-diff,finite-diff,319.2976379394531,0.880523681640625,83.28979825973511,1.418668270111084
True,0.5,1.0,atkinson,LR,0.0483167567536188,0.0009017565234642,,,0.0028890371322631,0.0001067519187927,301.0367126464844,2.887359619140625,8.736514,0.009742737,0.6458037495613098,0.0006940960884094,411.7286987304688,6.20355224609375,50.84647,0.23059082,0.5448724031448364,0.0005496740341186,finite-diff,finite-diff,314.23118591308594,3.2826690673828125,85.11914801597595,1.1600565910339355
True,0.5,5.0,atkinson,LR,0.0646802733572456,0.0005702032468715,,,0.0032267570495605,2.664327621459961e-05,300.6448516845703,1.5392913818359375,8.559082,0.116042614,0.6504606902599335,6.54757022857666e-05,418.1557769775391,2.6785430908203125,46.069603,0.96102333,0.555827409029007,0.0011065900325775,finite-diff,finite-diff,314.6521453857422,1.6750946044921875,36.020522475242615,0.4894126653671264
True,2.0,0.0,atkinson,LR,0.1470203588207185,0.0022125967691128,,,0.0038174092769622,6.189942359924316e-05,282.1285858154297,2.675643920898437,7.6114993,0.04826832,0.6415794193744659,6.470084190368652e-05,403.20875549316406,2.7246551513671875,9.465384,0.011665821,0.5395201742649078,0.0007869899272918,finite-diff,finite-diff,296.56134033203125,2.6815185546875,100.19666194915771,0.7356681823730469
True,2.0,1.0,atkinson,LR,0.1472238853427128,0.0057106030763333,,,0.0041131973266601,0.0002845525741577,280.6880645751953,8.241806030273438,7.573034,0.017773151,0.6433514952659607,0.0023536086082458,406.3900909423828,16.814773559570312,9.566764,0.075154305,0.5414868593215942,0.0035831928253173,finite-diff,finite-diff,295.67173767089844,9.263656616210938,100.37814927101137,0.8924524784088135
True,2.0,5.0,atkinson,LR,0.1459310660675136,0.0016284709242842,,,0.0041521191596984,6.03795051574707e-05,287.6381530761719,3.785675048828125,7.625798,0.048496246,0.6409047245979309,0.0005537867546081,417.0334930419922,4.432540893554688,9.618094,0.05365944,0.536655455827713,0.0011902153491973,finite-diff,finite-diff,303.0620880126953,3.8627777099609375,100.79021668434144,1.3195607662200928
True,0.5,0.0,mad,LR,0.044409560427029,1.0417035148736764e-05,,,63.69328308105469,0.4787139892578125,304.11317443847656,0.7664031982421875,8.751169,0.024418354,426.4314575195313,1.5947265625,431.49974060058594,1.7238311767578125,50.28703,1.1135826,537.7511901855469,2.899078369140625,finite-diff,finite-diff,319.2976379394531,0.880523681640625,85.57499635219574,1.0894356966018677
True,0.5,0.05,mad,LR,0.0727201752597547,0.0002205448684783,,,53.026947021484375,0.1726226806640625,287.61961364746094,1.1833343505859375,8.8841305,0.11464167,408.53883361816406,1.3107452392578125,393.6735076904297,1.5285797119140625,47.103428,0.7397995,506.6284332275391,2.451156616210937,finite-diff,finite-diff,300.2612609863281,1.2244873046875,34.83487451076508,0.0017248392105102
True,0.5,0.5,mad,LR,0.0728093192063701,0.0002274573428152,,,53.02522277832031,0.2076263427734375,287.5652160644531,1.202239990234375,8.882717,0.112947464,408.4837646484375,1.331787109375,393.61566162109375,1.61749267578125,47.0734,0.7472191,506.6116790771485,2.5631256103515625,finite-diff,finite-diff,300.2064208984375,1.25177001953125,34.184959053993225,0.3900047540664673
True,2.0,0.0,mad,LR,0.1470203588207185,0.0022125967691128,,,60.54008483886719,0.024505615234375,282.1285858154297,2.675643920898437,7.6114993,0.04826832,397.08538818359375,3.66131591796875,403.20875549316406,2.7246551513671875,9.465384,0.011665821,504.7563934326172,3.1024627685546875,finite-diff,finite-diff,296.56134033203125,2.6815185546875,100.36630022525787,1.4406224489212036
True,2.0,0.05,mad,LR,0.1454970582752172,0.0025865421348817,,,63.09437561035156,1.617919921875,286.8326416015625,1.236114501953125,7.621003,0.021213055,403.0371551513672,1.0708770751953125,413.0213928222656,4.471954345703125,9.618044,0.026442051,514.4234313964844,4.569244384765625,finite-diff,finite-diff,301.8743438720703,1.6218109130859375,99.876851439476,0.8691915273666382
True,2.0,0.5,mad,LR,0.1600116666529579,0.0035822031996488,,,50.87701416015625,2.1584014892578125,270.5233612060547,4.4452972412109375,7.624195,0.07191849,382.6300201416016,5.7547454833984375,372.2773895263672,0.1284942626953125,9.304567,0.036710262,471.91212463378906,0.0551605224609375,finite-diff,finite-diff,282.6524200439453,3.930740356445313,99.56195306777954,0.7987203598022461
False,0.5,0.0,atkinson,LR,0.0263497270643711,0.000432395376265,,,0.6186547577381134,0.0002805888652801,234.0487594604492,0.3254470825195312,16.302757,0.017356873,0.6294986605644226,0.0003039240837097,367.4905090332031,1.155975341796875,23.687916,0.02408886,0.5333043932914734,0.0002148747444152,closed-form,closed-form,249.95501708984372,0.4244384765625,7.040990352630615,0.0683228969573974
False,0.5,1.0,atkinson,LR,0.0263487175107002,0.0004315162368584,,,0.6186542510986328,0.0002797842025756,234.04718780517575,0.3252639770507812,16.303085,0.017048836,0.6294988393783569,0.0003025531768798,367.4957885742188,1.164459228515625,23.686977,0.0250597,0.5332983136177063,0.0002185702323913,closed-form,closed-form,249.9542388916016,0.42529296875,7.014204382896423,0.4114886522293091
False,0.5,5.0,atkinson,LR,0.0263502150774002,0.0004300195723772,,,0.6186580657958984,0.0002877712249755,234.0469665527344,0.3202056884765625,16.30269,0.01659584,0.6295011341571808,0.0003088414669036,367.4906311035156,1.1602783203125,23.689003,0.026971817,0.53331258893013,0.0002391040325164,closed-form,closed-form,249.95346069335935,0.4203338623046875,7.665756344795227,0.0287238359451293
False,2.0,0.0,atkinson,LR,0.0736950188875198,0.0015702210366725,,,0.6188317239284515,3.486871719360352e-06,225.5353240966797,1.4550628662109375,6.3658504,0.02406025,0.6298540234565735,1.6987323760986328e-05,342.7221069335937,2.566497802734375,8.251209,0.052470207,0.533652663230896,0.0001811981201171,closed-form,closed-form,239.50399017333984,1.5875625610351562,7.037589192390442,0.7258583307266235
False,2.0,1.0,atkinson,LR,0.0737295746803283,0.0015155933797359,,,0.6185778081417084,0.0001744925975799,225.49121856689453,1.4650192260742188,6.3645487,0.02468443,0.6296584010124207,0.0001416206359863,342.5151062011719,2.747467041015625,8.254749,0.046262264,0.533014178276062,0.000342845916748,closed-form,closed-form,239.4404525756836,1.6178970336914062,7.055939197540283,0.3692436218261719
False,2.0,5.0,atkinson,LR,0.0737872719764709,0.0014924891293048,,,0.6184279322624207,0.0001798272132873,225.47957611083984,1.3916702270507812,6.3642173,0.02488041,0.6295295655727386,0.0001527369022369,342.3057861328125,2.637481689453125,8.253175,0.045069695,0.5327399969100952,0.0003095865249633,closed-form,closed-form,239.4052581787109,1.5401611328125,6.958927035331726,0.0584586858749389
False,0.5,0.0,mad,LR,0.0263497270643711,0.000432395376265,,,340.3346099853516,0.4797515869140625,234.0487594604492,0.3254470825195312,16.302757,0.017356873,323.3319854736328,0.3676910400390625,367.4905090332031,1.155975341796875,23.687916,0.02408886,449.2665863037109,1.1357269287109375,closed-form,closed-form,249.95501708984372,0.4244384765625,6.964596271514893,0.5505416393280029
False,0.5,0.05,mad,LR,0.0263770632445812,0.0004059048369526,,,339.77674865722656,0.4510345458984375,233.7096176147461,0.2856521606445312,16.30582,0.016926765,322.8117980957031,0.333282470703125,366.9036407470703,1.1336517333984375,23.702896,0.026488304,448.4586639404297,1.1550140380859375,closed-form,closed-form,249.5863342285156,0.3867340087890625,7.4324846267700195,0.2365357875823974
False,0.5,0.5,mad,LR,0.0266632437705993,0.0004953322932124,,,334.2433013916016,1.2528228759765625,230.29510498046875,1.04144287109375,16.333086,0.037233353,317.91539001464844,1.3587493896484375,359.59039306640625,0.6651611328125,23.8321,0.025125504,438.8280334472656,0.446502685546875,closed-form,closed-form,245.7071075439453,0.996612548828125,7.055980086326599,0.4731804132461548
False,2.0,0.0,mad,LR,0.0736950188875198,0.0015702210366725,,,327.9018859863281,2.044525146484375,225.5353240966797,1.4550628662109375,6.3658504,0.02406025,313.2828674316406,1.946533203125,342.7221069335937,2.566497802734375,8.251209,0.052470207,422.1991882324219,2.667327880859375,closed-form,closed-form,239.50399017333984,1.5875625610351562,6.634991884231567,0.1740202903747558
False,2.0,0.05,mad,LR,0.076883777976036,0.0018245428800582,,,319.81565856933594,2.2505035400390625,220.3887710571289,1.5640335083007812,6.3635316,0.035214424,306.0723876953125,2.141571044921875,332.0445709228516,2.9778594970703125,8.2692585,0.096355915,408.28782653808594,2.8072967529296875,closed-form,closed-form,233.69813537597656,1.7325592041015625,6.933769345283508,0.1572300195693969
False,2.0,0.5,mad,LR,0.1266380250453949,0.0010056868195533,,,261.88941955566406,0.5598907470703125,182.20121002197263,0.4051437377929687,6.6455603,0.022475243,255.3298110961914,0.7618026733398438,243.3916244506836,0.5269546508789062,8.082857,0.038143635,303.86041259765625,0.865478515625,closed-form,closed-form,189.49510955810547,0.2940292358398437,6.790578365325928,0.0617718696594238
False,0.5,0.0,atkinson,LR,0.0795085504651069,0.0010556504130363,,,0.6292933523654938,0.0005468428134918,291.8097381591797,3.3491363525390625,12.543174,0.18421173,0.6413751542568207,0.0004138052463531,439.5878601074219,2.889373779296875,18.365345,0.056755066,0.5375048518180847,0.0013177990913391,finite-diff,finite-diff,309.4248809814453,3.2943572998046875,31.94703197479248,0.3449413776397705
False,0.5,1.0,atkinson,LR,0.0792248770594596,0.0013899654150009,,,0.6292193830013275,0.0002120435237884,293.8569030761719,0.040252685546875,12.525514,0.064240456,0.6414245069026947,0.0001423060894012,439.1073455810547,0.3213348388671875,18.8458,0.12563705,0.5368322730064392,0.0006781220436096,finite-diff,finite-diff,311.17076110839844,0.0737457275390625,31.70985472202301,0.0806277990341186
False,0.5,5.0,atkinson,LR,0.0794834941625595,0.0003154352307319,,,0.6284728050231934,0.0005234479904174,293.0608367919922,0.7422027587890625,12.4664135,0.027504921,0.6405678987503052,0.0005388259887695,440.2455139160156,1.829254150390625,18.509266,0.26676846,0.5366652607917786,0.0003809332847595,finite-diff,finite-diff,310.6052703857422,0.8717803955078125,31.94834613800049,0.0993187427520752
False,2.0,0.0,atkinson,LR,0.1500596106052398,0.0006306618452072,,,0.6292318403720856,0.0013438761234283,290.54058837890625,6.55865478515625,7.698345,0.033408403,0.6415137350559235,0.0013535320758819,420.9376831054688,12.126007080078123,9.682802,0.11046457,0.5371167659759521,0.0014429688453674,finite-diff,finite-diff,306.0839080810547,7.222305297851562,31.65329432487488,0.0229716300964355
False,2.0,1.0,atkinson,LR,0.1470595449209213,0.001335471868515,,,0.6285512447357178,0.0006361007690429,290.98924255371094,7.912704467773437,7.6835575,0.013521194,0.6410124897956848,0.0007334351539611,420.91270446777344,16.893417358398438,9.605507,0.18641806,0.5351967513561249,0.0002528727054595,finite-diff,finite-diff,306.4761047363281,8.98321533203125,31.82639753818512,0.2487939596176147
False,2.0,5.0,atkinson,LR,0.1472634673118591,0.0004177019000053,,,0.6297335624694824,0.001376986503601,282.57395935058594,7.861984252929687,7.612372,0.057857513,0.6418579518795013,0.0009015500545501,408.7267456054688,12.64794921875,9.598692,0.10171652,0.5387645959854126,0.0047875642776489,finite-diff,finite-diff,297.6113739013672,8.432479858398438,31.848923802375797,0.0613609552383422
False,0.5,0.0,mad,LR,0.0795085504651069,0.0010556504130363,,,426.8137969970703,4.3965911865234375,291.8097381591797,3.3491363525390625,12.543174,0.18421173,408.634033203125,4.506805419921875,439.5878601074219,2.889373779296875,18.365345,0.056755066,543.1209106445312,3.07965087890625,finite-diff,finite-diff,309.4248809814453,3.2943572998046875,31.677411675453182,0.0264760255813598
False,0.5,0.05,mad,LR,0.0780533105134964,0.0018023774027824,,,429.0042114257813,4.191925048828125,293.63623046875,2.82757568359375,12.54049,0.12556839,411.0653076171875,4.129302978515625,439.9610595703125,3.32879638671875,18.784407,0.1104393,543.4732055664062,4.04119873046875,finite-diff,finite-diff,311.07814025878906,2.8873443603515625,31.37879717350006,0.0157676935195922
False,0.5,0.5,mad,LR,0.0785759389400482,0.0019878037273883,,,427.4019775390625,0.892974853515625,292.64361572265625,0.995513916015625,12.541509,0.030686378,409.75189208984375,0.939910888671875,437.2638549804688,0.9066162109375,18.94462,0.013605118,540.047607421875,0.67901611328125,finite-diff,finite-diff,309.88233947753906,0.9849395751953124,31.227869629859924,0.1333938837051391
False,2.0,0.0,mad,LR,0.1500596106052398,0.0006306618452072,,,423.6866149902344,8.673828125,290.54058837890625,6.55865478515625,7.698345,0.033408403,408.0233612060547,8.000137329101562,420.9376831054688,12.126007080078123,9.682802,0.11046457,523.6868133544922,12.698562622070312,finite-diff,finite-diff,306.0839080810547,7.222305297851562,31.55710482597351,0.1471590995788574
False,2.0,0.05,mad,LR,0.1493104696273803,0.0002391412854194,,,406.0149536132813,0.0050048828125,278.0814819335937,0.063690185546875,7.6048903,0.010468006,391.95318603515625,0.205657958984375,395.77586364746094,0.3766632080078125,9.449253,0.013057709,496.88714599609375,1.941192626953125,finite-diff,finite-diff,292.1106414794922,0.1009979248046875,31.819530367851257,0.276262879371643
False,2.0,0.5,mad,LR,0.1634986847639084,0.003207117319107,,,380.56602478027344,0.0493621826171875,261.2270812988281,0.59326171875,7.598982,0.041836977,369.5552368164063,0.7496337890625,356.67730712890625,3.317352294921875,9.301125,0.019632816,451.7249450683594,5.423553466796875,finite-diff,finite-diff,272.604736328125,0.1270751953125,31.73318290710449,0.0100049972534179
True,0.5,0.0,atkinson,NN,0.0189034118994765,0.0011922384857774,,,0.0013431906700134,0.0001670718193054,202.07669067382807,12.00799560546875,13.293581,0.14775944,0.6328441202640533,0.0028294622898101,251.21397399902344,18.185287475585938,67.902435,0.43780136,0.5262319445610046,0.001186192035675,closed-form,closed-form,207.93384552001956,12.74433135986328,7.704490184783935,0.0992794036865234
True,0.5,1.0,atkinson,NN,0.0179540077712491,0.0003064055276426,,,0.0016051232814788,0.0001573860645294,208.92081451416016,1.1444168090820312,13.202016,0.00042915344,0.6320942342281342,9.629130363464355e-05,264.6210632324219,1.4951171875,67.44772,0.33193588,0.528276264667511,0.0007262825965881,closed-form,closed-form,215.56027221679688,0.82977294921875,7.703937292098999,0.865105390548706
True,0.5,5.0,atkinson,NN,0.0180261679621009,0.0001956401364182,,,0.001639187335968,0.0001063346862792,214.4270782470703,1.4148406982421875,12.9358425,0.043610573,0.632889449596405,0.0007700324058532,272.2835693359375,0.22900390625,66.389725,0.102710724,0.528198778629303,0.0017151236534118,closed-form,closed-form,221.32357788085935,1.218902587890625,9.505583643913267,0.1732147932052612
True,2.0,0.0,atkinson,NN,0.0357833604940304,0.0005047220530047,,,0.0065263211727142,0.000113159418106,111.5998191833496,2.7268104553222656,5.4572206,0.011200905,0.6148427128791809,0.0014936327934265,176.5475311279297,3.6632232666015625,6.6732283,0.027719736,0.5315396785736084,0.0002115964889526,closed-form,closed-form,119.3415756225586,2.8384246826171875,10.26944088935852,0.0482325553894043
True,2.0,1.0,atkinson,NN,0.0356865405329994,0.0005361321164774,,,0.0063175857067108,0.000162273645401,111.04807662963869,3.0748329162597656,5.455593,0.015552759,0.6132009923458099,0.0022269189357757,174.45995330810547,3.891670227050781,6.657213,0.02068448,0.5299824178218842,0.001006931066513,closed-form,closed-form,118.60676956176758,3.172191619873047,10.510507822036743,0.0518691539764404
True,2.0,5.0,atkinson,NN,0.0357609543692505,0.0001550652028434,,,0.0062629580497741,9.489059448242188e-05,111.79581832885742,3.379955291748047,5.4559107,0.012561321,0.6144072413444519,0.0030366778373718,175.361328125,5.856353759765625,6.6697016,0.035797596,0.5293985307216644,0.0021064579486846,closed-form,closed-form,119.37282180786131,3.6751441955566406,10.730856895446776,0.0491707324981689
True,0.5,0.0,mad,NN,0.0189034118994765,0.0011922384857774,,,24.568641662597656,3.0886459350585938,202.07669067382807,12.00799560546875,13.293581,0.14775944,277.90089416503906,17.260055541992188,251.21397399902344,18.185287475585938,67.902435,0.43780136,306.8447723388672,22.356216430664062,closed-form,closed-form,207.93384552001956,12.74433135986328,7.649470448493957,0.0985766649246215
True,0.5,0.05,mad,NN,0.0734888495177834,0.0014526363203336,,,30.58646011352539,4.027462005615234,210.94501495361328,10.453834533691406,9.9616375,0.03403759,295.5924987792969,15.122772216796877,272.11793518066406,2.398910522460937,54.085037,0.70700645,344.4065856933594,7.969696044921875,closed-form,closed-form,218.23680877685547,9.493659973144531,3.14563262462616,0.18915855884552
True,0.5,0.5,mad,NN,0.0763437933387384,0.0013192391002471,,,31.99480438232422,4.449798583984375,212.8465576171875,10.361434936523438,9.949549,0.022900105,298.0572967529297,14.980392456054688,276.83616638183594,1.4618377685546875,53.965767,0.6582489,348.93048095703125,7.5723876953125,closed-form,closed-form,220.47412109375,9.30059814453125,3.272103190422058,0.0648523569107055
True,2.0,0.0,mad,NN,0.0357833604940304,0.0005047220530047,,,32.47385597229004,0.4682064056396484,111.5998191833496,2.7268104553222656,5.4572206,0.011200905,150.82649993896484,4.136863708496094,176.5475311279297,3.6632232666015625,6.6732283,0.027719736,211.60113525390625,4.231216430664063,closed-form,closed-form,119.3415756225586,2.8384246826171875,10.187231540679932,0.0213425159454345
True,2.0,0.05,mad,NN,0.0388920768671059,0.000363859147355,,,37.49801635742188,2.844154357910156,103.13452911376952,3.242759704589844,5.431976,0.016582966,138.67229461669922,4.837852478027344,178.13056182861328,8.931068420410156,6.5469217,0.03243327,217.5970001220703,11.546661376953123,closed-form,closed-form,112.07404327392578,3.920806884765625,10.43241047859192,0.1569595336914062
True,2.0,0.5,mad,NN,0.0424934629658296,0.0001169503630785,,,21.197660446166992,2.926706314086914,101.86767196655272,2.35782241821289,5.4373198,0.021341085,137.13978576660156,3.4559478759765625,144.26299285888672,8.211235046386719,6.4756823,0.033229828,173.51000213623047,10.81220245361328,closed-form,closed-form,106.92119216918944,3.0555458068847656,10.24775218963623,0.1541094779968261
True,0.5,0.0,atkinson,NN,0.0223109409970499,0.0035276655458936,,,0.0023452937602996,0.0005659162998199,237.29138946533203,38.894676208496094,11.87644,0.9821615,0.6353544294834137,0.0021508634090423,316.2772750854492,61.88617706298828,61.68591,2.7072182,0.5321657955646515,0.0058787167072296,finite-diff,finite-diff,246.7064971923828,41.63526916503906,77.42672991752625,3.376676559448242
True,0.5,1.0,atkinson,NN,0.0195575761377055,0.0009618140277572,,,0.0019011497497558,9.465217590332033e-05,218.25975799560547,4.093635559082031,12.376462,0.056079865,0.6302192807197571,0.0015271306037902,282.12181091308594,7.0146331787109375,64.05417,0.31775665,0.5261743664741516,0.0037030577659606,finite-diff,finite-diff,225.87210083007807,4.441802978515625,82.0401006937027,4.804064393043518
True,0.5,5.0,atkinson,NN,0.0157859560738386,0.0012018597319235,,,0.0018217265605926,0.0001569688320159,190.4574966430664,9.89568328857422,13.063683,0.21896553,0.6266468465328217,0.0013413727283477,244.71862030029297,10.182228088378906,66.44681,0.3449402,0.527617871761322,0.0002866387367248,finite-diff,finite-diff,196.9254379272461,9.929847717285156,88.73326659202576,0.6691899299621582
True,2.0,0.0,atkinson,NN,0.0543933405613029,0.0041475875058655,,,0.0065885186195373,0.0006244778633117,176.23755645751953,30.62151336669922,5.9927616,0.11652446,0.6508586406707764,0.0153393745422363,278.3164749145508,42.86885833740234,7.567583,0.14439607,0.5628728270530701,0.0188149809837341,finite-diff,finite-diff,188.4053497314453,32.08140563964844,105.62374341487885,1.198725342750549
True,2.0,1.0,atkinson,NN,0.0577045337517189,0.0014565268070704,,,0.005030870437622,0.0005001425743103,221.13037872314453,4.070411682128906,6.212409,0.011890173,0.6305605173110962,0.0041202306747436,332.0216369628906,12.381500244140623,7.7680893,0.09244943,0.5350130498409271,0.0059615075588226,finite-diff,finite-diff,234.3486099243164,5.061088562011719,104.98043727874756,0.6189150810241699
True,2.0,5.0,atkinson,NN,0.0515204668925452,0.0010392568110375,,,0.0047170519828796,0.0010596513748168,177.33489990234375,5.550445556640625,5.9122524,0.020364285,0.6306800544261932,0.0140711963176727,262.2657165527344,2.73883056640625,7.1715612,0.07237172,0.5435559749603271,0.0192722082138061,finite-diff,finite-diff,187.45864868164065,4.5623779296875,103.56674826145172,0.2275892496109008
True,0.5,0.0,mad,NN,0.0223109409970499,0.0035276655458936,,,39.492942810058594,11.495750427246094,237.29138946533203,38.894676208496094,11.87644,0.9821615,328.0879669189453,54.90708923339844,316.2772750854492,61.88617706298828,61.68591,2.7072182,388.0426788330078,73.32252502441406,finite-diff,finite-diff,246.7064971923828,41.63526916503906,78.21438324451447,4.007229447364807
True,0.5,0.05,mad,NN,0.0800582970707229,0.0006804189004009,,,26.301586151123047,1.3441505432128906,251.00508880615237,7.342109680175781,9.548084,0.029360294,355.07684326171875,9.9388427734375,303.60826110839844,10.030410766601562,52.05066,0.23879814,387.3136138916016,12.068008422851562,finite-diff,finite-diff,257.275390625,7.662567138671875,30.26853096485138,0.3014403581619262
True,0.5,0.5,mad,NN,0.0810187387296889,0.0006758402109557,,,26.55328369140625,1.266937255859375,251.4506683349609,7.695877075195312,9.513148,0.026535988,355.6907501220703,10.477005004882812,304.55723571777344,10.229751586914062,51.861732,0.19304085,388.3358001708984,12.391220092773438,finite-diff,finite-diff,257.78099060058594,7.997909545898437,30.16303646564484,0.2919660806655884
True,2.0,0.0,mad,NN,0.0543933405613029,0.0041475875058655,,,51.039459228515625,6.1236724853515625,176.23755645751953,30.62151336669922,5.9927616,0.11652446,247.0541076660156,40.466796875,278.3164749145508,42.86885833740234,7.567583,0.14439607,347.14573669433594,48.83311462402344,finite-diff,finite-diff,188.4053497314453,32.08140563964844,103.61136448383331,0.4982777833938598
True,2.0,0.05,mad,NN,0.0693644912264291,0.008138059892191,,,42.69291305541992,3.8612022399902335,215.15975189208984,0.2603988647460937,6.3460417,0.074911356,299.514892578125,1.28106689453125,300.5455780029297,7.982803344726562,7.5935664,0.016263962,372.2952575683594,11.348114013671877,finite-diff,finite-diff,225.33773803710935,1.180908203125,91.85620498657228,10.43132495880127
True,2.0,0.5,mad,NN,0.0617523438506694,0.0087722417683605,,,30.294239044189453,0.3262214660644531,183.23450469970703,13.96709442138672,6.062361,0.15024853,254.7867584228516,19.703384399414062,243.82298278808597,13.314651489257812,7.070718,0.061154366,302.21095275878906,16.203567504882812,finite-diff,finite-diff,190.456657409668,13.889305114746094,102.29251599311829,0.7698469161987305
False,0.5,0.0,atkinson,NN,0.010381088592112,0.0003180401399731,,,0.6075641512870789,0.0026870965957641,112.28955841064452,11.644935607910156,18.61636,0.13014889,0.6174495816230774,0.0031524300575256,176.69927215576172,16.21308135986328,27.525764,0.18532276,0.5279037654399872,0.000355988740921,closed-form,closed-form,119.96720123291016,12.189460754394531,8.078375577926636,0.091789960861206
False,0.5,1.0,atkinson,NN,0.0103881508111953,0.0003390298224985,,,0.6074622869491577,0.0028691291809082,112.7539291381836,12.09149169921875,18.616234,0.12798119,0.6174187660217285,0.003273606300354,177.1908721923828,16.988677978515625,27.53551,0.17707634,0.5274077653884888,0.0009036064147949,closed-form,closed-form,120.43481063842772,12.675251007080078,7.669260144233704,0.1458066701889038
False,0.5,5.0,atkinson,NN,0.010372269898653,0.0003648037090897,,,0.6076720356941223,0.0025771856307983,113.91595077514648,13.16976547241211,18.60149,0.123529434,0.6177102029323578,0.0029840767383575,177.96109008789062,18.30479431152344,27.598583,0.13146591,0.5273650586605072,0.000626653432846,closed-form,closed-form,121.55013275146484,13.781867980957031,7.54827356338501,0.2276592254638672
False,2.0,0.0,atkinson,NN,0.0357824526727199,0.0005046091973781,,,0.6058265268802643,0.0012304484844207,111.60120010375977,2.725109100341797,5.4572554,0.01118803,0.6148478388786316,0.0014914274215698,176.549560546875,3.661453247070313,6.6732917,0.027666569,0.531540036201477,0.0002113580703735,closed-form,closed-form,119.34305572509766,2.8367156982421875,7.309407711029053,0.3219478130340576
False,2.0,1.0,atkinson,NN,0.0358812138438224,0.0004410538822412,,,0.6047953069210052,0.0023482739925384,111.67033004760742,3.040729522705078,5.457473,0.011533022,0.6138761639595032,0.0024349093437194,176.86692810058594,4.736602783203125,6.6849046,0.039052486,0.5300283432006836,0.0019067525863647,closed-form,closed-form,119.44175720214844,3.242866516113281,7.48725688457489,0.7816230058670044
False,2.0,5.0,atkinson,NN,0.0359020978212356,0.0004388354718685,,,0.6029146015644073,0.0026000440120697,109.7149543762207,3.0568885803222656,5.4511204,0.01252985,0.612001895904541,0.0025280714035034,173.35384368896484,5.318534851074219,6.6716404,0.023034096,0.5281668603420258,0.0030170381069183,closed-form,closed-form,117.30070114135742,3.3264732360839844,8.122150301933289,0.0974301099777221
False,0.5,0.0,mad,NN,0.010381088592112,0.0003180401399731,,,160.2801971435547,17.053680419921875,112.28955841064452,11.644935607910156,18.61636,0.13014889,152.2786865234375,16.591766357421875,176.69927215576172,16.21308135986328,27.525764,0.18532276,212.09671020507807,19.83480834960937,closed-form,closed-form,119.96720123291016,12.189460754394531,7.543671250343323,0.4502702951431274
False,0.5,0.05,mad,NN,0.0102654639631509,0.0002559158019721,,,134.6004524230957,24.460079193115234,94.65496063232422,16.928489685058594,18.667347,0.06452942,127.72896194458008,23.67574691772461,150.06018447875977,24.069515228271484,27.709568,0.04632473,179.22838592529297,29.171485900878903,closed-form,closed-form,101.2592658996582,17.779712677001953,7.634880661964416,0.6051779985427856
False,0.5,0.5,mad,NN,0.0098579004406929,8.734455332159996e-05,,,20.63547134399414,0.9980239868164062,12.35736608505249,0.0302815437316894,18.625027,0.029408455,18.133151054382324,0.0337076187133789,26.92246723175049,4.744519233703613,27.644222,0.004509926,37.88702201843262,8.026338577270508,closed-form,closed-form,14.093526363372805,0.5388751029968262,7.479541063308716,0.2585630416870117
False,2.0,0.0,mad,NN,0.0357824526727199,0.0005046091973781,,,159.02091217041016,4.212364196777344,111.60120010375977,2.725109100341797,5.4572554,0.01118803,150.82887268066406,4.13421630859375,176.549560546875,3.661453247070313,6.6732917,0.027666569,211.6035003662109,4.22894287109375,closed-form,closed-form,119.34305572509766,2.8367156982421875,7.793803691864014,0.040557861328125
False,2.0,0.05,mad,NN,0.040671169757843,0.0006020609289407,,,67.35701942443848,4.528676986694336,49.4167537689209,2.9413623809814453,5.246032,0.0033259392,63.58038139343262,4.099260330200195,80.34545516967773,6.218196868896484,6.319681,0.01133275,92.45299911499023,7.495342254638672,closed-form,closed-form,53.10345268249512,3.331964492797852,7.803376913070679,0.0027432441711425
False,2.0,0.5,mad,NN,0.0367007255554199,0.0001155603677034,,,20.867981910705566,0.4505739212036133,13.030435562133787,0.3798284530639648,5.445156,0.020712376,19.09694480895996,0.6121444702148438,24.181235313415527,0.3409910202026367,6.6961823,0.02274704,32.76358604431152,0.7519016265869141,closed-form,closed-form,14.359610080718994,0.2939066886901855,8.252031683921814,0.2870615720748901
False,0.5,0.0,atkinson,NN,0.0184749774634838,0.0029994929209351,,,0.6147845983505249,0.0055437088012695,179.8103485107422,32.4317626953125,17.363224,0.2710619,0.6262274384498596,0.0047795176506042,273.49269104003906,48.35246276855469,26.121029,0.14164257,0.5265799760818481,0.010714054107666,finite-diff,finite-diff,190.97727966308597,34.329498291015625,31.879551887512207,5.698204040527344e-05
False,0.5,1.0,atkinson,NN,0.013541342690587,0.0009320229291915,,,0.605480283498764,0.0052026808261871,166.76433563232422,11.171745300292969,18.222425,0.07919693,0.6160696148872375,0.0049385428428649,259.3078308105469,22.16864013671875,27.351809,0.4420719,0.5218304395675659,0.0062726736068725,finite-diff,finite-diff,177.79552459716797,12.482582092285156,31.700090289115906,0.0467954874038696
False,0.5,5.0,atkinson,NN,0.014983570203185,0.0013872948475182,,,0.621310830116272,0.0114000439643859,153.12738800048828,20.21874237060547,17.726116,0.541832,0.6307692229747772,0.0107392370700836,244.9638900756836,31.339698791503903,26.301254,0.32217312,0.5442092716693878,0.0159448087215423,finite-diff,finite-diff,164.07428741455078,21.54436492919922,31.643100261688232,0.3483932018280029
False,2.0,0.0,atkinson,NN,0.0608577504754066,0.0102160647511482,,,0.6237359344959259,0.0079087316989898,200.28804779052732,21.172813415527344,6.201766,0.19798732,0.6342212557792664,0.0071048140525817,292.2483367919922,22.076431274414062,7.5545406,0.1881628,0.5435039103031158,0.0126165449619293,finite-diff,finite-diff,211.2497100830078,21.280532836914062,31.442021131515503,0.0846116542816162
False,2.0,1.0,atkinson,NN,0.0494655594229698,0.0006656665354967,,,0.6195470094680786,0.0047526359558105,196.12796783447263,3.821937561035156,6.004617,0.040422916,0.629753828048706,0.0048941373825073,302.0425262451172,3.188095092773437,7.5223374,0.048095703,0.5392735004425049,0.0043519735336303,finite-diff,finite-diff,208.7529830932617,3.746391296386719,31.29626858234405,0.0127724409103393
False,2.0,5.0,atkinson,NN,0.0608404986560344,0.0015266388654708,,,0.6146253645420074,5.194544792175293e-05,217.2567138671875,3.793289184570313,6.2062926,0.018357277,0.6256410479545593,0.0004997849464416,324.9500427246094,3.769287109375,7.721637,0.058284044,0.529939204454422,0.0027683079242706,finite-diff,finite-diff,230.09375762939453,3.7904129028320312,31.540608763694763,0.042897343635559
False,0.5,0.0,mad,NN,0.0184749774634838,0.0029994929209351,,,258.0777282714844,43.96051025390625,179.8103485107422,32.4317626953125,17.363224,0.2710619,246.79409790039065,42.2545166015625,273.49269104003906,48.35246276855469,26.121029,0.14164257,330.43629455566406,54.18156433105469,finite-diff,finite-diff,190.97727966308597,34.329498291015625,31.20521450042725,0.1342329978942871
False,0.5,0.05,mad,NN,0.0145852798596024,0.0017543444409966,,,198.67699432373047,30.26880645751953,136.6394271850586,21.811302185058597,17.12805,0.5810852,189.2437438964844,29.04066467285156,212.2076873779297,32.43623352050781,25.891872,0.8235588,259.606071472168,38.52991485595703,finite-diff,finite-diff,145.64716720581055,23.07779312133789,31.36674976348877,0.1038417816162109
False,0.5,0.5,mad,NN,0.0151779148727655,0.0006248853169381,,,222.41128540039065,0.1262664794921875,154.92684173583984,1.6960067749023438,17.917057,0.07006836,212.10413360595703,1.0456619262695312,238.59580993652344,3.1421051025390625,27.05038,0.52109814,289.3929138183594,5.980560302734375,finite-diff,finite-diff,164.90017700195312,1.1193084716796875,31.43174612522125,0.175533652305603
False,2.0,0.0,mad,NN,0.0608577504754066,0.0102160647511482,,,290.9811096191406,27.9017333984375,200.28804779052732,21.172813415527344,6.201766,0.19798732,279.69942474365234,28.17984771728516,292.2483367919922,22.076431274414062,7.5545406,0.1881628,364.1806182861328,25.828414916992188,finite-diff,finite-diff,211.2497100830078,21.280532836914062,31.8401620388031,0.4804131984710693
False,2.0,0.05,mad,NN,0.0521182864904403,0.0015086811035871,,,260.5411148071289,5.532920837402344,181.5257110595703,4.230239868164063,5.9295993,0.06804466,249.7501449584961,6.127754211425781,271.4041748046875,0.791595458984375,7.298325,0.01594305,330.4757232666016,1.7048492431640625,finite-diff,finite-diff,192.23921966552732,3.820350646972656,32.044360995292664,0.1237481832504272
False,2.0,0.5,mad,NN,0.0523961670696735,0.0043375492095947,,,58.732839584350586,10.079172134399414,41.82147216796875,6.089645385742188,5.4135656,0.2694726,55.42399978637695,8.99783706665039,67.74532890319824,13.725496292114258,6.5792875,0.49248672,79.97000312805176,17.056791305541992,finite-diff,finite-diff,44.91159629821777,6.999837875366211,32.09834408760071,0.5131471157073975
True,0.5,0.0,atkinson,LR,0.1018747817143315,0.0001501946337646,,,0.0017289519,2.5749207e-05,202.3405914306641,0.758575439453125,3.960402727127075,0.0067453384399414,,,259.6205444335937,1.4327392578125,18.14144897460937,0.0060043334960937,,,PTO,,208.89341735839844,0.8357086181640625,1.0368292331695557,0.0223469734191894
True,2.0,0.0,atkinson,LR,0.4740886747416138,0.0048303237450844,,,0.0017289519,2.5749207e-05,202.3405914306641,0.758575439453125,1.9363081455230715,0.0037271380424499,,,259.6205444335937,1.4327392578125,2.45283317565918,0.0057027339935302,,,PTO,,208.89341735839844,0.8357086181640625,1.0898654460906982,0.0757532119750976
True,0.5,1.0,atkinson,LR,0.101874775346846,0.0001502010012501,,,0.0017289817,2.56598e-05,202.340576171875,0.758575439453125,3.960402250289917,0.0067453384399414,,,259.6205596923828,1.4326934814453125,18.14144515991211,0.0060081481933593,,,PTO,,208.8934097290039,0.8356857299804688,1.0847970247268677,0.0655869245529174
True,2.0,1.0,atkinson,LR,0.4740886677593996,0.0048304424427267,,,0.0017289817,2.56598e-05,202.340576171875,0.758575439453125,1.9363083839416504,0.0037269592285156,,,259.6205596923828,1.4326934814453125,2.452833890914917,0.0057024955749511,,,PTO,,208.8934097290039,0.8356857299804688,1.0793544054031372,0.0566059350967407
True,0.5,5.0,atkinson,LR,0.1018748180503484,0.0001502122439336,,,0.0017289221,2.5779009e-05,202.34058380126956,0.7585830688476562,3.960395336151123,0.0067399740219116,,,259.620361328125,1.432525634765625,18.14141845703125,0.0060300827026367,,,PTO,,208.8933868408203,0.835693359375,1.0427489280700684,0.0508880615234375
True,2.0,5.0,atkinson,LR,0.4740900851488918,0.0048289971243775,,,0.0017289221,2.5779009e-05,202.34058380126956,0.7585830688476562,1.9363086223602293,0.0037262439727783,,,259.620361328125,1.432525634765625,2.45283579826355,0.0057017803192138,,,PTO,,208.8933868408203,0.835693359375,1.067138910293579,0.0715203285217285
True,0.5,0.0,mad,LR,0.1018747817143315,0.0001501946337646,,,28.639977,0.3370819,202.3405914306641,0.758575439453125,3.960402727127075,0.0067453384399414,,,259.6205444335937,1.4327392578125,18.14144897460937,0.0060043334960937,,,PTO,,208.89341735839844,0.8357086181640625,1.8908841609954836,0.4242987632751465
True,2.0,0.0,mad,LR,0.4740886747416138,0.0048303237450844,,,28.639977,0.3370819,202.3405914306641,0.758575439453125,1.9363081455230715,0.0037271380424499,,,259.6205444335937,1.4327392578125,2.45283317565918,0.0057027339935302,,,PTO,,208.89341735839844,0.8357086181640625,2.282246232032776,7.331371307373047e-05
True,0.5,0.05,mad,LR,0.1018576081426641,0.0001591126610514,,,28.62061,0.32593155,202.3273696899414,0.7557449340820312,3.9608964920043945,0.0056284666061401,,,259.56858825683594,1.4076080322265625,18.14255142211914,0.009648323059082,,,PTO,,208.8757553100586,0.8303146362304688,2.320829153060913,0.0784993171691894
True,2.0,0.05,mad,LR,0.4740487993160479,0.0046003226255667,,,28.62061,0.32593155,202.3273696899414,0.7557449340820312,1.9364049434661863,0.0035475492477416,,,259.56858825683594,1.4076080322265625,2.4530906677246094,0.0056027173995971,,,PTO,,208.8757553100586,0.8303146362304688,2.386215329170227,0.1125887632369995
True,0.5,0.5,mad,LR,0.1014906264870538,0.0003101733466157,,,28.76342,0.43667603,202.7069549560547,1.020477294921875,3.967429876327514,0.0071063041687011,,,260.2337951660156,1.893829345703125,18.143604278564453,0.0090103149414062,,,PTO,,209.28802490234372,1.1203765869140625,2.346715450286865,0.0246558189392089
True,2.0,0.5,mad,LR,0.4698758161312681,0.0050288280961329,,,28.76342,0.43667603,202.7069549560547,1.020477294921875,1.9362860918045044,0.002547264099121,,,260.2337951660156,1.893829345703125,2.4544360637664795,0.0049948692321777,,,PTO,,209.28802490234372,1.1203765869140625,2.5401347875595093,0.2605601549148559
False,0.5,0.0,atkinson,LR,0.1680165037286703,0.0002679775778269,,,0.6089386,0.0002681017,202.3405914306641,0.758575439453125,5.136533737182617,0.0082659721374511,,,259.6205444335937,1.4327392578125,7.660690546035767,0.0415456295013427,,,PTO,,208.89341735839844,0.8357086181640625,2.280613899230957,0.0725226402282714
False,2.0,0.0,atkinson,LR,0.3847100677210469,0.0034596034212384,,,0.6089386,0.0002681017,202.3405914306641,0.758575439453125,1.9376139044761655,0.0036361813545227,,,259.6205444335937,1.4327392578125,2.4591619968414307,0.0033361911773681,,,PTO,,208.89341735839844,0.8357086181640625,2.367678046226501,0.2253400087356567
False,0.5,1.0,atkinson,LR,0.1680570490789988,0.0002731787306387,,,0.60888296,0.000277102,202.3427047729492,0.7575149536132812,5.135814666748047,0.008376121520996,,,259.62481689453125,1.429473876953125,7.659364938735962,0.0414621829986572,,,PTO,,208.89575958251956,0.8343887329101562,2.2512530088424683,0.0512555837631225
False,2.0,1.0,atkinson,LR,0.3848910467168621,0.0034854096854565,,,0.60888296,0.000277102,202.3427047729492,0.7575149536132812,1.937639057636261,0.0036355853080749,,,259.62481689453125,1.429473876953125,2.459228754043579,0.003354787826538,,,PTO,,208.89575958251956,0.8343887329101562,2.2134281396865845,0.0993529558181762
False,0.5,5.0,atkinson,LR,0.1682160388638146,0.0002919147015631,,,0.608662,0.00031158328,202.3490219116211,0.7549057006835938,5.132951259613037,0.0088944435119628,,,259.6410827636719,1.42132568359375,7.654258728027344,0.0412917137145996,,,PTO,,208.9032211303711,0.8311538696289062,2.348428249359131,0.0533342361450195
False,2.0,5.0,atkinson,LR,0.3856044055920339,0.003584445413722,,,0.608662,0.00031158328,202.3490219116211,0.7549057006835938,1.9377430081367493,0.0036376118659973,,,259.6410827636719,1.42132568359375,2.459515690803528,0.0034085512161254,,,PTO,,208.9032211303711,0.8311538696289062,2.203612446784973,0.0533539056777954
False,0.5,0.0,mad,LR,0.1680165037286703,0.0002679775778269,,,287.669,0.93040466,202.3405914306641,0.758575439453125,5.136533737182617,0.0082659721374511,,,259.6205444335937,1.4327392578125,7.660690546035767,0.0415456295013427,,,PTO,,208.89341735839844,0.8357086181640625,2.0202765464782715,0.0276992321014404
False,2.0,0.0,mad,LR,0.3847100677210469,0.0034596034212384,,,287.669,0.93040466,202.3405914306641,0.758575439453125,1.9376139044761655,0.0036361813545227,,,259.6205444335937,1.4327392578125,2.4591619968414307,0.0033361911773681,,,PTO,,208.89341735839844,0.8357086181640625,2.203633546829224,0.0784411430358886
False,0.5,0.05,mad,LR,0.1686474390271492,0.0003427441494968,,,287.41693,0.95217896,202.3684310913086,0.7495956420898438,5.128075838088989,0.009537935256958,,,259.62872314453125,1.42218017578125,7.64511513710022,0.0412309169769287,,,PTO,,208.91900634765625,0.8265380859375,2.1642452478408813,0.0942152738571167
False,2.0,0.05,mad,LR,0.3873002458120803,0.0038046365252973,,,287.41693,0.95217896,202.3684310913086,0.7495956420898438,1.9378876686096191,0.0036149024963378,,,259.62872314453125,1.42218017578125,2.4600363969802856,0.0034481287002563,,,PTO,,208.91900634765625,0.8265380859375,2.0218780040740967,0.0299849510192871
False,0.5,0.5,mad,LR,0.1720123484803574,0.0007823597701137,,,286.20502,0.9299469,202.65771484375,0.64227294921875,5.080339670181274,0.015831708908081,,,259.9099578857422,1.2916412353515625,7.55877947807312,0.0424935817718505,,,PTO,,209.2073745727539,0.7165756225585938,2.087012529373169,0.1005644798278808
False,2.0,0.5,mad,LR,0.4014617405191931,0.0057367548787692,,,286.20502,0.9299469,202.65771484375,0.64227294921875,1.939202845096588,0.0037701725959777,,,259.9099578857422,1.2916412353515625,2.464952230453491,0.0042695999145507,,,PTO,,209.2073745727539,0.7165756225585938,2.117461919784546,0.1081242561340332
True,0.5,0.0,atkinson,NN,0.0176486141155979,0.0004346133655962,,,0.000233531,1.1086464e-05,35.065900802612305,1.2405109405517578,3.959603309631348,0.0348814725875854,,,38.53466987609863,1.449411392211914,22.81492805480957,0.0288429260253906,,,PTO,,35.46272850036621,1.2644062042236328,1.298660397529602,0.0302871465682983
True,2.0,0.0,atkinson,NN,0.0982529264055772,0.0017721872180512,,,0.000233531,1.1086464e-05,35.065900802612305,1.2405109405517578,1.7356979846954346,0.0071779489517211,,,38.53466987609863,1.449411392211914,2.149557113647461,0.0115383863449096,,,PTO,,35.46272850036621,1.2644062042236328,1.2750297784805298,0.0428088903427124
True,0.5,1.0,atkinson,NN,0.0176499183363218,0.000435668607797,,,0.00023204088,9.834766e-06,35.069427490234375,1.2437057495117188,3.959697723388672,0.0347561836242675,,,38.52752876281738,1.441934585571289,22.81578254699707,0.0300235748291015,,,PTO,,35.46503448486328,1.2663841247558594,1.289970636367798,0.0340223312377929
True,2.0,1.0,atkinson,NN,0.0982705739520871,0.0017856873292982,,,0.00023204088,9.834766e-06,35.069427490234375,1.2437057495117188,1.735676646232605,0.0071309804916381,,,38.52752876281738,1.441934585571289,2.1493916511535645,0.0114022493362426,,,PTO,,35.46503448486328,1.2663841247558594,1.274238109588623,0.057828664779663
True,0.5,5.0,atkinson,NN,0.0176429257974236,0.0004279550239879,,,0.0002322197,1.0251999e-05,35.06422233581543,1.2366199493408203,3.9603989124298096,0.0340592861175537,,,38.52400779724121,1.436105728149414,22.82041931152344,0.0336627960205078,,,PTO,,35.46002197265625,1.2594451904296875,1.30460786819458,0.0378253459930419
True,2.0,5.0,atkinson,NN,0.0982781706011881,0.0017598531365835,,,0.0002322197,1.0251999e-05,35.06422233581543,1.2366199493408203,1.7355592250823977,0.0069825649261474,,,38.52400779724121,1.436105728149414,2.149181842803955,0.011290431022644,,,PTO,,35.46002197265625,1.2594451904296875,1.2942765951156616,0.0389031171798706
True,0.5,0.0,mad,NN,0.0176486141155979,0.0004346133655962,,,1.7343845,0.104450226,35.065900802612305,1.2405109405517578,3.959603309631348,0.0348814725875854,,,38.53466987609863,1.449411392211914,22.81492805480957,0.0288429260253906,,,PTO,,35.46272850036621,1.2644062042236328,1.2986648082733154,0.0047998428344726
True,2.0,0.0,mad,NN,0.0982529264055772,0.0017721872180512,,,1.7343845,0.104450226,35.065900802612305,1.2405109405517578,1.7356979846954346,0.0071779489517211,,,38.53466987609863,1.449411392211914,2.149557113647461,0.0115383863449096,,,PTO,,35.46272850036621,1.2644062042236328,1.2996495962142944,0.0329419374465942
True,0.5,0.05,mad,NN,0.017590360283084,0.0004395066371208,,,1.8268147,0.09537697,34.951141357421875,1.2654342651367188,3.964224815368652,0.033993124961853,,,38.60477066040039,1.4561882019042969,22.84402084350586,0.031926155090332,,,PTO,,35.36911964416504,1.2872562408447266,1.2829948663711548,0.0500215291976928
True,2.0,0.05,mad,NN,0.0979289411911848,0.0014793706080584,,,1.8268147,0.09537697,34.951141357421875,1.2654342651367188,1.734879732131958,0.0074309706687927,,,38.60477066040039,1.4561882019042969,2.14896821975708,0.0133194923400878,,,PTO,,35.36911964416504,1.2872562408447266,1.3325119018554688,0.0337889194488525
True,0.5,0.5,mad,NN,0.0178959630997002,0.0011281061323473,,,1.8322086,0.32606125,34.84842872619629,2.1031932830810547,3.9569225311279297,0.0824013948440551,,,38.51284599304199,1.451070785522461,22.639169692993164,0.180633544921875,,,PTO,,35.267635345458984,2.02859115600586,1.3070486783981323,0.0670655965805053
True,2.0,0.5,mad,NN,0.0967908437599949,0.0039073972103512,,,1.8322086,0.32606125,34.84842872619629,2.1031932830810547,1.7337315082550049,0.0138516426086425,,,38.51284599304199,1.451070785522461,2.1496524810791016,0.0279639959335327,,,PTO,,35.267635345458984,2.02859115600586,1.2912944555282593,0.0411621332168579
False,0.5,0.0,atkinson,NN,0.0363432325845933,0.0007558811739808,,,0.5932914,0.0036518872,35.065900802612305,1.2405109405517578,5.263930082321167,0.0455720424652099,,,38.53466987609863,1.449411392211914,9.094598293304443,0.0010771751403808,,,PTO,,35.46272850036621,1.2644062042236328,1.2819801568984983,0.0507434606552124
False,2.0,0.0,atkinson,NN,0.0960006434764811,0.0011599413046602,,,0.5932914,0.0036518872,35.065900802612305,1.2405109405517578,1.7355173826217651,0.0058048963546752,,,38.53466987609863,1.449411392211914,2.153936505317688,0.0125113725662231,,,PTO,,35.46272850036621,1.2644062042236328,1.2790902853012085,0.0358885526657104
False,0.5,1.0,atkinson,NN,0.0365668230514921,0.0008382130588315,,,0.59010875,0.0048438907,35.13009262084961,1.2629623413085938,5.245021343231201,0.0509219169616699,,,38.56050109863281,1.4262466430664062,9.05448865890503,0.0153861045837402,,,PTO,,35.52253341674805,1.2816429138183594,1.270769119262695,0.0492260456085205
False,2.0,1.0,atkinson,NN,0.0958717797285349,0.0011541879600402,,,0.59010875,0.0048438907,35.13009262084961,1.2629623413085938,1.738311588764191,0.0064854025840759,,,38.56050109863281,1.4262466430664062,2.157966375350952,0.0129945278167724,,,PTO,,35.52253341674805,1.2816429138183594,1.272596836090088,0.077979564666748
False,0.5,5.0,atkinson,NN,0.0373519311580349,0.0009059758054082,,,0.57952,0.0058745444,35.343109130859375,1.2688941955566406,5.193853139877319,0.0492999553680419,,,38.7154712677002,1.3407306671142578,8.919596672058105,0.0122928619384765,,,PTO,,35.728904724121094,1.2771148681640625,1.2871224880218506,0.0374073982238769
False,2.0,5.0,atkinson,NN,0.0962518356197469,0.0016451772727611,,,0.57952,0.0058745444,35.343109130859375,1.2688941955566406,1.7457423210144043,0.0060651302337646,,,38.7154712677002,1.3407306671142578,2.172142744064331,0.0122175216674804,,,PTO,,35.728904724121094,1.2771148681640625,1.2996680736541748,0.0019521713256835
False,0.5,0.0,mad,NN,0.0363432325845933,0.0007558811739808,,,45.843246,1.4942341,35.065900802612305,1.2405109405517578,5.263930082321167,0.0455720424652099,,,38.53466987609863,1.449411392211914,9.094598293304443,0.0010771751403808,,,PTO,,35.46272850036621,1.2644062042236328,1.282976150512695,0.0165927410125732
False,2.0,0.0,mad,NN,0.0960006434764811,0.0011599413046602,,,45.843246,1.4942341,35.065900802612305,1.2405109405517578,1.7355173826217651,0.0058048963546752,,,38.53466987609863,1.449411392211914,2.153936505317688,0.0125113725662231,,,PTO,,35.46272850036621,1.2644062042236328,1.274619460105896,0.0312968492507934
False,0.5,0.05,mad,NN,0.0374201371846807,0.0008465171721276,,,46.00476,1.4603175,35.56234550476074,1.2697620391845703,5.201807737350464,0.0483129024505615,,,39.036237716674805,1.2083492279052734,8.94665813446045,0.0022611618041992,,,PTO,,35.95975875854492,1.2627334594726562,1.282071232795715,0.0379284620285034
False,2.0,0.05,mad,NN,0.0968118650679085,0.0015640718709328,,,46.00476,1.4603175,35.56234550476074,1.2697620391845703,1.744474470615387,0.0064014792442321,,,39.036237716674805,1.2083492279052734,2.169928550720215,0.0117311477661132,,,PTO,,35.95975875854492,1.2627334594726562,1.299769163131714,0.0495467185974121
False,0.5,0.5,mad,NN,0.0473280673231491,0.0007255017132391,,,47.234604,1.9824619,40.59306144714356,1.5732364654541016,4.840727090835571,0.0219824314117431,,,43.34098052978516,1.4003524780273438,8.129470348358154,0.0079855918884277,,,PTO,,40.90742301940918,1.5534610748291016,1.3053913116455078,0.0554516315460205
False,2.0,0.5,mad,NN,0.1115828233007436,0.0019885346453773,,,47.234604,1.9824619,40.59306144714356,1.5732364654541016,1.7927494049072266,0.0040335655212402,,,43.34098052978516,1.4003524780273438,2.255813837051392,0.00925874710083,,,PTO,,40.90742301940918,1.5534610748291016,1.2674570083618164,0.0485484600067138
